{
  "algorithm": "Stochastic Random Search",
  "problem_instance": "JWST Spacecraft Assembly",
  "experimental_parameters": {
    "iterations": 1000,
    "random_seed": 42,
    "problem_size": 643,
    "max_commands": 30000
  },
  "performance_metrics": {
    "best_fitness": -0.016727844444444435,
    "solution_complexity": 687,
    "execution_time_seconds": 149.49428725242615,
    "convergence_efficiency": 0.0229
  },
  "solution_data": {
    "chromosome_length": 1375,
    "chromosome": [
      376,
      1,
      25,
      1,
      57,
      5,
      355,
      3,
      262,
      5,
      333,
      4,
      179,
      4,
      415,
      0,
      128,
      5,
      550,
      5,
      424,
      4,
      291,
      4,
      305,
      0,
      388,
      1,
      110,
      1,
      555,
      4,
      495,
      3,
      174,
      1,
      294,
      1,
      312,
      3,
      553,
      3,
      473,
      1,
      537,
      4,
      89,
      0,
      85,
      5,
      319,
      5,
      546,
      0,
      338,
      3,
      325,
      5,
      548,
      5,
      570,
      1,
      596,
      4,
      151,
      1,
      328,
      3,
      469,
      1,
      352,
      4,
      49,
      2,
      549,
      3,
      423,
      4,
      177,
      0,
      620,
      3,
      296,
      4,
      224,
      2,
      561,
      2,
      386,
      4,
      173,
      4,
      508,
      0,
      93,
      2,
      421,
      3,
      358,
      2,
      141,
      0,
      206,
      1,
      76,
      1,
      575,
      3,
      347,
      3,
      147,
      2,
      98,
      2,
      424,
      4,
      362,
      3,
      42,
      1,
      523,
      4,
      596,
      4,
      206,
      4,
      87,
      1,
      568,
      3,
      426,
      5,
      501,
      4,
      164,
      4,
      328,
      3,
      471,
      5,
      465,
      2,
      431,
      4,
      154,
      0,
      458,
      5,
      462,
      2,
      309,
      1,
      199,
      5,
      475,
      5,
      94,
      4,
      210,
      4,
      116,
      0,
      192,
      0,
      112,
      4,
      341,
      3,
      438,
      2,
      542,
      2,
      507,
      2,
      480,
      2,
      136,
      0,
      613,
      4,
      100,
      4,
      249,
      2,
      148,
      1,
      630,
      5,
      536,
      2,
      437,
      2,
      137,
      3,
      579,
      0,
      571,
      3,
      320,
      3,
      66,
      0,
      214,
      3,
      634,
      1,
      575,
      1,
      58,
      1,
      135,
      3,
      396,
      4,
      12,
      2,
      253,
      4,
      308,
      3,
      220,
      1,
      291,
      3,
      450,
      2,
      105,
      3,
      93,
      2,
      308,
      1,
      516,
      3,
      296,
      5,
      464,
      2,
      72,
      4,
      124,
      1,
      214,
      1,
      95,
      5,
      318,
      1,
      467,
      1,
      161,
      0,
      216,
      3,
      255,
      2,
      150,
      3,
      355,
      0,
      347,
      2,
      186,
      5,
      582,
      4,
      359,
      0,
      632,
      2,
      431,
      5,
      417,
      5,
      481,
      2,
      51,
      3,
      517,
      0,
      142,
      1,
      265,
      2,
      636,
      3,
      156,
      4,
      204,
      4,
      52,
      0,
      243,
      5,
      139,
      3,
      352,
      1,
      349,
      3,
      44,
      3,
      608,
      0,
      601,
      1,
      15,
      3,
      452,
      1,
      376,
      1,
      182,
      1,
      305,
      4,
      512,
      4,
      50,
      1,
      402,
      2,
      36,
      2,
      223,
      3,
      60,
      4,
      550,
      4,
      431,
      0,
      558,
      0,
      250,
      5,
      30,
      3,
      376,
      4,
      150,
      0,
      186,
      3,
      221,
      5,
      259,
      1,
      343,
      5,
      554,
      1,
      147,
      2,
      247,
      5,
      264,
      0,
      529,
      1,
      13,
      0,
      582,
      2,
      22,
      1,
      415,
      1,
      146,
      4,
      278,
      4,
      309,
      0,
      497,
      0,
      390,
      0,
      62,
      1,
      630,
      5,
      170,
      3,
      536,
      4,
      102,
      1,
      180,
      0,
      198,
      0,
      416,
      3,
      453,
      0,
      145,
      1,
      468,
      4,
      642,
      2,
      138,
      1,
      588,
      1,
      193,
      4,
      300,
      0,
      13,
      4,
      508,
      1,
      155,
      0,
      8,
      0,
      76,
      3,
      293,
      2,
      275,
      2,
      325,
      1,
      327,
      4,
      306,
      1,
      337,
      2,
      403,
      1,
      32,
      3,
      296,
      2,
      216,
      3,
      99,
      4,
      506,
      1,
      13,
      3,
      619,
      2,
      24,
      1,
      480,
      3,
      200,
      3,
      471,
      5,
      401,
      0,
      521,
      2,
      484,
      2,
      26,
      2,
      374,
      4,
      109,
      2,
      245,
      4,
      617,
      4,
      536,
      2,
      127,
      0,
      628,
      0,
      286,
      0,
      540,
      0,
      482,
      2,
      78,
      1,
      66,
      1,
      331,
      2,
      466,
      0,
      451,
      0,
      535,
      2,
      594,
      3,
      463,
      5,
      33,
      5,
      594,
      4,
      194,
      1,
      642,
      4,
      570,
      1,
      159,
      3,
      231,
      1,
      203,
      3,
      301,
      4,
      430,
      1,
      404,
      1,
      229,
      5,
      30,
      3,
      602,
      0,
      607,
      1,
      56,
      4,
      372,
      3,
      323,
      5,
      320,
      2,
      22,
      5,
      620,
      4,
      542,
      2,
      43,
      5,
      109,
      2,
      582,
      2,
      486,
      1,
      554,
      2,
      290,
      4,
      510,
      4,
      518,
      3,
      282,
      2,
      263,
      0,
      367,
      3,
      371,
      2,
      458,
      2,
      494,
      5,
      114,
      1,
      32,
      5,
      319,
      0,
      29,
      2,
      92,
      4,
      105,
      3,
      429,
      0,
      136,
      4,
      550,
      0,
      560,
      1,
      548,
      1,
      110,
      2,
      439,
      1,
      467,
      5,
      465,
      0,
      587,
      2,
      190,
      2,
      479,
      5,
      555,
      2,
      134,
      3,
      26,
      4,
      206,
      3,
      39,
      2,
      534,
      2,
      65,
      3,
      503,
      0,
      615,
      2,
      302,
      1,
      346,
      4,
      337,
      0,
      546,
      4,
      577,
      0,
      604,
      5,
      308,
      1,
      45,
      4,
      19,
      4,
      559,
      5,
      71,
      3,
      598,
      5,
      190,
      1,
      353,
      0,
      112,
      5,
      88,
      3,
      365,
      4,
      583,
      2,
      173,
      3,
      44,
      3,
      443,
      5,
      620,
      4,
      1,
      1,
      268,
      1,
      255,
      1,
      377,
      4,
      635,
      1,
      160,
      1,
      474,
      5,
      612,
      0,
      525,
      5,
      203,
      1,
      104,
      3,
      369,
      5,
      565,
      5,
      473,
      0,
      642,
      5,
      42,
      0,
      61,
      1,
      336,
      0,
      416,
      5,
      631,
      5,
      153,
      1,
      591,
      4,
      592,
      0,
      349,
      4,
      29,
      4,
      253,
      5,
      537,
      4,
      612,
      1,
      477,
      5,
      296,
      1,
      354,
      3,
      121,
      0,
      440,
      3,
      427,
      2,
      340,
      5,
      241,
      1,
      509,
      0,
      193,
      2,
      485,
      0,
      601,
      3,
      221,
      0,
      251,
      5,
      72,
      3,
