{
  "algorithm": "Greedy Heuristic Optimization",
  "problem_instance": "ISS Spacecraft Assembly",
  "experimental_parameters": {
    "iterations": 500,
    "random_seed": null,
    "problem_size": 148,
    "max_commands": 6000,
    "max_chromosome_length": 200,
    "exploration_factor": 0.3,
    "recent_moves_memory": 3
  },
  "performance_metrics": {
    "best_fitness": -0.035332157554379746,
    "solution_complexity": 200,
    "execution_time_seconds": 3.6512889862060547,
    "convergence_efficiency": 0.03333333333333333
  },
  "solution_data": {
    "chromosome_length": 401,
    "chromosome": [
      42,
      3,
      136,
      4,
      50,
      0,
      139,
      1,
      121,
      2,
      128,
      4,
      13,
      2,
      3,
      3,
      65,
      5,
      24,
      4,
      40,
      4,
      62,
      4,
      16,
      3,
      16,
      3,
      138,
      3,
      9,
      4,
      24,
      0,
      8,
      5,
      6,
      5,
      114,
      0,
      73,
      1,
      97,
      3,
      35,
      0,
      56,
      4,
      145,
      0,
      41,
      1,
      12,
      4,
      119,
      1,
      64,
      5,
      31,
      5,
      111,
      0,
      3,
      4,
      130,
      3,
      116,
      1,
      78,
      1,
      19,
      3,
      62,
      2,
      139,
      3,
      77,
      5,
      53,
      2,
      117,
      3,
      102,
      1,
      15,
      2,
      46,
      1,
      111,
      5,
      3,
      1,
      81,
      4,
      1,
      4,
      147,
      0,
      122,
      4,
      104,
      2,
      38,
      1,
      55,
      3,
      50,
      3,
      31,
      3,
      88,
      3,
      26,
      3,
      70,
      3,
      96,
      3,
      79,
      1,
      130,
      0,
      144,
      3,
      25,
      4,
      145,
      1,
      89,
      5,
      66,
      5,
      18,
      2,
      34,
      0,
      92,
      1,
      73,
      2,
      124,
      0,
      83,
      3,
      135,
      5,
      21,
      3,
      27,
      4,
      36,
      0,
      19,
      2,
      146,
      5,
      20,
      3,
      47,
      1,
      81,
      5,
      29,
      1,
      95,
      2,
      122,
      0,
      77,
      3,
      56,
      5,
      110,
      5,
      47,
      0,
      54,
      0,
      13,
      5,
      140,
      5,
      46,
      2,
      87,
      3,
      59,
      2,
      46,
      4,
      120,
      4,
      21,
      4,
      128,
      0,
      11,
      3,
      129,
      1,
      48,
      2,
      43,
      0,
      97,
      4,
      145,
      2,
      50,
      2,
      132,
      1,
      71,
      4,
      5,
      1,
      0,
      4,
      64,
      0,
      134,
      3,
      34,
      5,
      57,
      0,
      83,
      1,
      140,
      3,
      76,
      2,
      91,
      0,
      147,
      5,
      42,
      5,
      75,
      4,
      29,
      4,
      77,
      0,
      141,
      3,
      79,
      2,
      26,
      2,
      31,
      1,
      147,
      3,
      67,
      5,
      102,
      5,
      50,
      5,
      55,
      2,
      137,
      4,
      61,
      2,
      4,
      1,
      31,
      5,
      33,
      2,
      57,
      4,
      61,
      1,
      12,
      1,
      67,
      0,
      32,
      1,
      119,
      3,
      100,
      2,
      48,
      4,
      110,
      0,
      56,
      4,
      98,
      3,
      12,
      2,
      34,
      1,
      41,
      4,
      121,
      1,
      56,
      0,
      136,
      3,
      48,
      0,
      138,
      2,
      39,
      2,
      39,
      5,
      2,
      1,
      89,
      2,
      127,
      5,
      89,
      0,
      114,
      1,
      19,
      1,
      104,
      1,
      27,
      1,
      110,
      2,
      9,
      3,
      31,
      0,
      30,
      3,
      136,
      0,
      97,
      3,
      108,
      3,
      135,
      3,
      40,
      2,
      71,
      1,
      96,
      5,
      68,
      2,
      76,
      4,
      28,
      1,
      20,
      5,
      59,
      5,
      14,
      1,
      119,
      5,
      88,
      2,
      67,
      1,
      80,
      2,
      78,
      4,
      140,
      1,
      72,
      1,
      30,
      3,
      56,
      3,
      112,
      2,
      116,
      4,
      141,
      5,
      115,
      2,
      85,
      1,
      14,
      3,
      79,
      4,
      75,
      3,
      38,
      3,
      -1
    ]
  },
  "metadata": {
    "timestamp": "20250827_201539",
    "algorithm_type": "greedy_heuristic",
    "optimization_objective": "minimize_negative_fitness"
  }
}