{
  "algorithm": "Greedy Heuristic Optimization",
  "problem_instance": "ISS Spacecraft Assembly",
  "experimental_parameters": {
    "iterations": 500,
    "random_seed": null,
    "problem_size": 148,
    "max_commands": 6000,
    "max_chromosome_length": 200,
    "exploration_factor": 0.3,
    "recent_moves_memory": 3
  },
  "performance_metrics": {
    "best_fitness": 0.05196942974720754,
    "solution_complexity": 200,
    "execution_time_seconds": 3.6167969703674316,
    "convergence_efficiency": 0.03333333333333333
  },
  "solution_data": {
    "chromosome_length": 401,
    "chromosome": [
      11,
      5,
      98,
      3,
      56,
      3,
      137,
      3,
      64,
      2,
      42,
      0,
      61,
      3,
      125,
      4,
      47,
      0,
      58,
      3,
      130,
      1,
      17,
      4,
      142,
      2,
      66,
      4,
      136,
      1,
      67,
      4,
      60,
      4,
      146,
      1,
      0,
      3,
      26,
      3,
      49,
      2,
      29,
      0,
      25,
      3,
      47,
      5,
      122,
      1,
      64,
      2,
      48,
      4,
      27,
      5,
      29,
      4,
      67,
      0,
      3,
      1,
      72,
      3,
      79,
      4,
      18,
      4,
      108,
      2,
      99,
      2,
      131,
      0,
      13,
      0,
      63,
      4,
      8,
      0,
      95,
      2,
      55,
      1,
      144,
      4,
      111,
      4,
      23,
      3,
      113,
      5,
      71,
      3,
      93,
      5,
      43,
      0,
      35,
      0,
      66,
      5,
      5,
      4,
      60,
      3,
      28,
      4,
      2,
      5,
      84,
      0,
      90,
      1,
      15,
      5,
      13,
      3,
      101,
      3,
      19,
      4,
      34,
      0,
      11,
      5,
      7,
      5,
      142,
      5,
      65,
      1,
      112,
      4,
      38,
      2,
      58,
      5,
      143,
      1,
      93,
      3,
      126,
      3,
      144,
      1,
      91,
      0,
      30,
      5,
      129,
      2,
      40,
      5,
      132,
      5,
      27,
      2,
      87,
      3,
      118,
      4,
      104,
      1,
      12,
      4,
      58,
      4,
      56,
      0,
      91,
      4,
      142,
      0,
      1,
      5,
      134,
      1,
      133,
      2,
      143,
      0,
      121,
      1,
      143,
      2,
      18,
      1,
      72,
      4,
      97,
      4,
      23,
      0,
      128,
      2,
      85,
      1,
      95,
      1,
      10,
      0,
      26,
      5,
      39,
      5,
      2,
      1,
      47,
      4,
      126,
      4,
      53,
      5,
      47,
      4,
      34,
      3,
      31,
      2,
      10,
      5,
      87,
      1,
      45,
      4,
      94,
      4,
      99,
      4,
      105,
      4,
      29,
      5,
      130,
      4,
      65,
      0,
      7,
      2,
      94,
      2,
      17,
      0,
      86,
      2,
      81,
      2,
      86,
      1,
      63,
      0,
      137,
      2,
      117,
      4,
      28,
      1,
      133,
      1,
      9,
      4,
      24,
      5,
      71,
      2,
      40,
      0,
      93,
      1,
      125,
      1,
      22,
      4,
      38,
      0,
      90,
      5,
      117,
      1,
      43,
      3,
      28,
      5,
      76,
      1,
      20,
      3,
      6,
      0,
      14,
      2,
      59,
      3,
      78,
      2,
      43,
      1,
      109,
      2,
      30,
      4,
      74,
      5,
      109,
      0,
      34,
      5,
      105,
      0,
      101,
      5,
      134,
      1,
      48,
      0,
      101,
      0,
      134,
      4,
      57,
      2,
      45,
      2,
      84,
      0,
      133,
      3,
      13,
      2,
      17,
      1,
      89,
      0,
      73,
      1,
      46,
      2,
      145,
      5,
      90,
      0,
      88,
      3,
      79,
      5,
      140,
      1,
      102,
      4,
      122,
      2,
      32,
      5,
      86,
      0,
      33,
      0,
      118,
      3,
      118,
      0,
      35,
      4,
      30,
      3,
      104,
      4,
      22,
      0,
      64,
      1,
      123,
      0,
      23,
      5,
      127,
      0,
      115,
      0,
      37,
      3,
      50,
      1,
      144,
      5,
      27,
      5,
      107,
      5,
      109,
      3,
      14,
      5,
      44,
      4,
      56,
      4,
      70,
      2,
      -1
    ]
  },
  "metadata": {
    "timestamp": "20250827_145350",
    "algorithm_type": "greedy_heuristic",
    "optimization_objective": "minimize_negative_fitness"
  }
}